"Row.names","baseMean","log2FoldChange","lfcSE","stat","pvalue","padj","Gene"
"ILMN_1651498",3177.25925699283,-2.35823547474346,0.568095391159573,-4.15112586977677,3.30843742659472e-05,0.00163633361798385,"GADD45G"
"ILMN_1651838",2099.42403148124,-2.25276166566136,0.458222202547335,-4.91630840482603,8.81914266770788e-07,0.000115324271947924,"RND1"
"ILMN_1652464",994.162890536417,-2.05476296129274,0.509094447475849,-4.03611347851169,5.43439386512476e-05,0.00225510520653869,"TUBA3E"
"ILMN_1652866",961.950588639656,-2.14864986722696,0.555177397624121,-3.87020414811932,0.000108744252636984,0.00367604940786838,"LMX1B"
"ILMN_1653447",1787.75047538076,-2.34394902318456,0.68497054595771,-3.42197053145884,0.00062169051251052,0.0117034112140938,"PSORS1C2"
"ILMN_1656812",1147.06224379968,-2.56844445098864,0.660839404487781,-3.88663937644495,0.000101641578314463,0.00349010581918982,"NMRK2"
"ILMN_1657148",820.725505761105,-2.20774918297981,0.481848079582424,-4.58183663384748,4.60909908200011e-06,0.000382801196322681,"CIRBP-AS1"
"ILMN_1658632",1143.86538740661,-2.04627469147159,0.554627064132675,-3.68946058316059,0.000224730042464456,0.00594702689866206,"NLRP7"
"ILMN_1660086",5790.08257684363,-2.10902286708306,0.604036489763483,-3.49154877697682,0.000480228771838016,0.00998149416236947,"MYH11"
"ILMN_1661178",464.022782770268,-2.22620182162212,0.284944705242657,-7.81275026579738,5.59533937612083e-15,1.66660291839635e-11,"NR4A1"
"ILMN_1661197",1037.7842685429,-2.00420595467684,0.378185310921813,-5.29953410879883,1.16098546656894e-07,2.13168064399408e-05,"CLCF1"
"ILMN_1665372",1038.49927397275,-2.1762830639089,0.533952938578083,-4.0757956491528,4.58572774679625e-05,0.00203189427617136,"FXYD3"
"ILMN_1665471",1384.72846941789,2.04960363905216,0.377046246640042,5.43594759878056,5.45059730723006e-08,1.15963620646759e-05,"MAB21L4"
"ILMN_1669523",8957.97781657761,-2.824242062997,0.567869700128106,-4.97339805656099,6.57893773674193e-07,8.99964828729217e-05,"FOS"
"ILMN_1670019",2359.25911505591,2.3648874218226,0.350985208135507,6.73785494945863,1.60741911037319e-11,1.53893157470622e-08,"PEG10"
"ILMN_1672148",2819.71619204458,2.91312237831674,0.482600940892541,6.03629651639115,1.57691377529582e-09,6.70989326577063e-07,"AKR1B10"
"ILMN_1672295",1456.44285574059,-2.4743107682196,0.413143098187094,-5.9889921411663,2.11145364817752e-09,8.20315042705721e-07,"ZC3H12A"
"ILMN_1673566",3074.19855546551,-2.35121444072701,0.350885880978777,-6.70079523909148,2.07288333965013e-11,1.91613047193107e-08,"ADAMTS1"
"ILMN_1674353",1550.52892838582,-2.16300189175514,0.56919247932481,-3.80012380754037,0.000144623814391356,0.00437897060891228,"MIOX"
"ILMN_1680139",636.634674796742,-2.01357991023331,0.316504882615105,-6.36192368849481,1.99242432593109e-10,1.13640252989861e-07,"MAFF"
"ILMN_1680399",1433.82397830489,-2.00335358761624,0.497473622513717,-4.02705489688753,5.64798493275244e-05,0.00230801115994352,"KAZN"
"ILMN_1680618",2919.90918592639,-2.81156369039778,0.431878172394058,-6.51008518168968,7.51082016811149e-11,5.29848832227802e-08,"MYC"
"ILMN_1682599",1023.85111617793,-2.07863296066295,0.378419017998147,-5.49293999984198,3.95297121576316e-08,9.13511201560027e-06,"GPRC5A"
"ILMN_1684401",2863.82040030892,2.77160226547933,0.335943878172698,8.25019429005501,1.58137215190464e-16,7.06530721268462e-13,"FMO1"
"ILMN_1687481",800.760542289806,-2.05780060032559,0.467811281702599,-4.3987836138458,1.08859298248786e-05,0.000718766307427389,"HIF3A"
"ILMN_1690253",1955.49566519301,-2.03007578860487,0.699749623272968,-2.90114595433366,0.0037180065871161,0.0345831376061142,"SYNPO2L"
"ILMN_1691881",1486.08048890421,-2.03717527539984,0.278116110612954,-7.32490926509079,2.39060406013369e-13,4.27232820266692e-10,"IL4R"
"ILMN_1692280",1059.14279087814,-2.28291796067775,0.578795414985773,-3.94425716163261,8.00477224772996e-05,0.00297207658787946,"NKX2-2"
"ILMN_1692332",1458.72186310057,-2.47834843489321,0.730504838404624,-3.39265163569042,0.000692196080881406,0.0123699618376929,"ALOX12B"
"ILMN_1694034",3188.78542694185,2.10449841088502,0.364378974074881,5.77557587187382,7.6690332056691e-09,2.40569146368274e-06,"LGALS4"
"ILMN_1694472",4282.31069099472,3.0537816538872,0.647164641721907,4.71870905332841,2.37345982966689e-06,0.000241908136208586,"GCK"
"ILMN_1696666",986.775839522204,-2.10863392962652,0.533190641277276,-3.9547467010584,7.66157793292512e-05,0.00288933870480319,"DBF4B"
"ILMN_1697499",7691.18588409366,-4.01307822872473,0.727835492760571,-5.51371603699035,3.51335299423419e-08,8.48490574021945e-06,"HLA-DRB5"
"ILMN_1698846",1249.99829993466,-2.29790548771497,0.550502601312172,-4.17419551195164,2.99040870517319e-05,0.00150967770545344,"SLC8A2"
"ILMN_1699651",1850.13434753629,-3.59243389045506,0.748549920740526,-4.79919079665539,1.59307976304495e-06,0.00018040788892793,"IL6"
"ILMN_1706186",965.538486130424,-2.10084987246309,0.516377877136694,-4.06843508500455,4.73299427855593e-05,0.00206977777528954,"PIANP"
"ILMN_1711331",1276.04495968006,-2.05315814120465,0.496497598172481,-4.13528312878442,3.54517277000171e-05,0.00171235038640425,"MAP1LC3C"
"ILMN_1712506",1206.59429798908,-2.16859994070159,0.528102974401488,-4.10639599816554,4.01880281573099e-05,0.00186387624708133,"DPP6"
"ILMN_1715748",1916.93582261381,-2.33998506821316,0.505830341326936,-4.62602749782608,3.72745833007971e-06,0.000329775496549329,"FLNC"
"ILMN_1717639",2299.08211751992,-2.51468215345903,0.500098069177459,-5.02837804911961,4.9464593642753e-07,7.09089498278759e-05,"SIK1"
"ILMN_1721449",1255.97478732693,-2.15171459380748,0.580998917162882,-3.70347436156107,0.000212666683442202,0.00569526052251261,"VSX2"
"ILMN_1722825",1086.11607424711,-2.22040487510462,0.520653461129879,-4.26465017688748,2.00215642516156e-05,0.00111583798938266,"LINC00304"
"ILMN_1723522",1640.21749357706,-2.56976580397276,0.407054013514374,-6.31308307658294,2.73530562829906e-10,1.35787662921876e-07,"APOLD1"
"ILMN_1727364",1043.41037573451,-2.22318460256623,0.544847931173827,-4.08037633138586,4.49628461252186e-05,0.00200886502679789,"TRIM7"
"ILMN_1727589",1478.97411292028,-2.39882394187325,0.634595985831093,-3.78008054799094,0.00015677763143502,0.00459398138289298,"SULT2B1"
"ILMN_1728677",2029.06621630548,-2.16508295657423,0.375824577489022,-5.76088709003464,8.36730013349804e-09,2.52024960313126e-06,"CREB5"
"ILMN_1731742",1432.80565792498,-2.48392118965389,0.520946879354493,-4.76808920082547,1.85981440429071e-06,0.000201846334962838,"TNFRSF13C"
"ILMN_1732143",2678.58635717526,-2.06629948508532,0.678386441333557,-3.0459032775234,0.00231982448097483,0.0260845096842253,"LINC00173"
"ILMN_1736969",3366.83827661249,-2.31176695179849,0.523687921586854,-4.41439807279398,1.01291425435692e-05,0.000678829810413646,"SLITRK3"
"ILMN_1738401",1064.25690461085,-2.02489704964,0.365769661084552,-5.53598962701262,3.0947588303554e-08,7.5419272695761e-06,"FOXC1"
"ILMN_1740426",1373.41432278924,-2.07686748698344,0.652914184972093,-3.18091953703259,0.00146808398675177,0.0197267806680976,"RASD1"
"ILMN_1740915",1130.50884809111,-2.03635631077126,0.521785072799961,-3.90267260779218,9.51363477454321e-05,0.00335127473588935,NA
"ILMN_1740917",1444.19118283298,-2.01123911383696,0.559280935045494,-3.59611599074687,0.000323003820291194,0.00762215088956518,"SCNN1B"
"ILMN_1743445",3618.64430829632,-2.51633897743091,0.285326479829523,-8.81915684423813,1.15324805983933e-18,1.03050402467043e-14,"FAM107A"
"ILMN_1745395",1671.30131209918,-2.02761709111316,0.621681672203703,-3.26150372734292,0.00110822975565663,0.0166246866591423,"CTCFL"
"ILMN_1748751",1236.71912976031,-2.31514857686022,0.36336418695863,-6.37142750978869,1.87276805482591e-10,1.09137594012431e-07,"C2CD4B"
"ILMN_1748915",2399.35871672272,-2.35156436919535,0.426955988602036,-5.50774419840082,3.63461028607593e-08,8.57461785809627e-06,"S100A12"
"ILMN_1749575",10800.8727655091,2.08340559219786,0.448983739997546,4.64026958350262,3.47954955682176e-06,0.000315743505303717,"CYP7A1"
"ILMN_1749984",1060.38383869228,-2.30504374937856,0.50902182566372,-4.52837900687851,5.94378996413598e-06,0.000461131514668777,NA
"ILMN_1751495",1717.46448017955,-2.01410787232078,0.420012336652898,-4.79535408024278,1.62387740672026e-06,0.000182139253732008,"FGF14"
"ILMN_1751607",4195.91831768796,-5.13551084554046,0.546400034388691,-9.3988113512585,5.518292883123e-21,1.47928877317878e-16,"FOSB"
"ILMN_1755796",995.746308863005,-2.20329584495013,0.55062004405195,-4.00148136405701,6.29471536507166e-05,0.00249708850818569,"BEST2"
"ILMN_1758066",1506.94247663781,-2.28523634006131,0.669110085727804,-3.41533686131127,0.000637031761173429,0.0118672066864323,"DSCR8"
"ILMN_1758529",1086.50906403368,-2.0342196191067,0.443692674376844,-4.58474916666972,4.54531762789042e-06,0.000380769780158933,"P2RX1"
"ILMN_1759787",3005.31522566676,-2.16659516160832,0.402563464035961,-5.3819965177336,7.36641903507598e-08,1.50741675628459e-05,"THBD"
"ILMN_1767129",701.375869817619,-2.11860677790951,0.460992290411754,-4.59575316545357,4.31188901282665e-06,0.000370476951175782,"ABCC8"
"ILMN_1767643",927.390716736196,-2.06938120731583,0.508071615508784,-4.07301085939144,4.64092596064957e-05,0.00204957664295112,"CTRB2"
"ILMN_1768099",1168.06307221925,-2.27648605021776,0.565061006769096,-4.02874383995145,5.6075678640636e-05,0.00230202253800847,"SCGB1C1"
"ILMN_1768469",1245.87901778547,-3.37302711438885,0.701327928402606,-4.80948637261815,1.51318611138028e-06,0.000174844741757634,"TCN1"
"ILMN_1769471",1512.54581075594,-2.24381305501818,0.671009559737506,-3.3439360474923,0.000825987758422794,0.0138285672044223,NA
"ILMN_1769492",2003.64355073033,-2.13147763170008,0.749038600765664,-2.8456178753956,0.00443253506289737,0.0384914050635211,"CACNG2"
"ILMN_1769891",935.176678059622,-2.03869589761382,0.497676172893191,-4.09643058811127,4.19569212770217e-05,0.00191282174944408,"CDH4"
"ILMN_1770014",1158.48334694656,-2.20843779200488,0.566315779346906,-3.89965788089416,9.63287064191134e-05,0.00337553416075447,"KCNQ4"
"ILMN_1770711",1101.6278799648,-2.21272199171038,0.54437420457897,-4.06470764613423,4.80927064453467e-05,0.0020791793816694,"TNFRSF8"
"ILMN_1771841",1108.52516847058,-2.53903636622819,0.390289433544188,-6.50552166675742,7.74242230981981e-11,5.32182345793179e-08,"FOSL1"
"ILMN_1773459",1267.46867755547,-2.38409363903224,0.552541954323701,-4.31477396490247,1.59766289133172e-05,0.000941286794020425,"SOX11"
"ILMN_1774350",1454.1986487147,-2.16033493235828,0.519154173985379,-4.16125891038126,3.16498010575172e-05,0.00158290338982997,"MYOZ3"
"ILMN_1774705",1136.88450568638,-2.10607252039285,0.575287016009266,-3.66090744582166,0.000251323541380954,0.00644094662887115,"ELOA2"
"ILMN_1774733",1654.85261515445,-2.05857292112454,0.412545538636334,-4.9899289371281,6.0401508807942e-07,8.47739919693456e-05,"SOCS1"
"ILMN_1775257",1520.37494346863,-2.23280616868061,0.423691326807099,-5.26988877848136,1.36506447788995e-07,2.42339625554939e-05,"PROK2"
"ILMN_1777658",871.157744998995,-2.01672923745288,0.455684755495576,-4.42571144443839,9.61249475458681e-06,0.000663727041956969,"SCARF1"
"ILMN_1778668",3009.38315512239,-2.00801661600089,0.431750445752109,-4.65087328978417,3.30532374481853e-06,0.000307659075094966,"TAGLN"
"ILMN_1778681",2746.24077720705,-2.08314556988162,0.570937639299379,-3.64863940734041,0.000263632833095403,0.00666089100545567,"EBF1"
"ILMN_1779043",1104.53196078778,-2.03372927741172,0.542582679427648,-3.74823847963048,0.000178080890589056,0.00510568388665328,"CACNG6"
"ILMN_1780170",2157.61141110406,-2.02710421794512,0.688715633383103,-2.94331088142663,0.00324722153742086,0.0321329892040018,"APOD"
"ILMN_1781001",2261.66996980191,-3.19633694039739,0.503102236800946,-6.35325527614783,2.10805446386598e-10,1.15327787781337e-07,"SOCS3"
"ILMN_1781812",1153.67765408575,-2.1201926107453,0.563401344942393,-3.76320118824368,0.000167752138690114,0.00486680907128342,"NR4A3"
"ILMN_1782305",1100.50684665742,-2.08629254303373,0.275496091310604,-7.57285714330359,3.65103735095171e-14,9.33516151147434e-11,"NR4A2"
"ILMN_1782704",1642.76189282863,-2.054634562466,0.491415621163726,-4.18105260390461,2.90162719596081e-05,0.00147702951668155,"CD19"
"ILMN_1789112",1187.11144109854,-2.16422395644952,0.565717111459511,-3.82562929883095,0.000130438449243527,0.00406185864558072,"TMEM145"
"ILMN_1793570",1316.19000947169,-2.20854414297892,0.669938565064927,-3.29663682335541,0.000978499405400178,0.0153665105802944,NA
"ILMN_1794959",1262.68570937446,-2.2266219084317,0.543963030870501,-4.09333315329987,4.25216079577186e-05,0.00192546747385568,"SLC35F3"
"ILMN_1795325",2616.7147883808,-2.66103714153072,0.485446896248899,-5.48162355572329,4.21440236587098e-08,9.57419357812741e-06,"ACTG2"
"ILMN_1799329",1017.96703442869,-2.38959404050496,0.522120654206698,-4.5767085083728,4.72348896438694e-06,0.000389607903594833,"TTLL10"
"ILMN_1804993",1013.68844126549,-2.14623743401917,0.487056587305059,-4.40654636434454,1.05031834448167e-05,0.000698657167754839,"FAM178B"
"ILMN_1807034",948.389373594275,-2.75036381932225,0.417851016669003,-6.58216376077631,4.63650487571982e-11,3.65561135892415e-08,"CALCA"
"ILMN_1810054",1611.34671016234,-2.7200397099421,0.540811654177954,-5.02955084072036,4.91630134440908e-07,7.08555323331044e-05,"CNN1"
"ILMN_1815023",7353.2443281907,-2.17760329298967,0.378961217058288,-5.74624313773705,9.12480729741856e-09,2.63020117442903e-06,"PIM1"
"ILMN_2054297",6118.35087482073,-2.46969177862307,0.410408008188821,-6.01765006857957,1.76967231161898e-09,7.10888941901086e-07,"PTGS2"
"ILMN_2086077",2884.59653090142,-2.76105294822843,0.434483346889428,-6.35479580056516,2.08703673971662e-10,1.15327787781337e-07,"JUNB"
"ILMN_2108735",1200.30705478156,2.75898619059235,0.743006952448855,3.71327102862105,0.000204597573941739,0.00555688669164761,"EEF1A2"
"ILMN_2110908",4988.57492604969,-2.10850447978288,0.233799183410706,-9.01844244716184,1.90782389744758e-19,2.55715176094386e-15,"MYC"
"ILMN_2118129",1741.85875075941,-2.20051451960248,0.399572577014195,-5.50717102771622,3.64645964047814e-08,8.57461785809627e-06,"ITLN2"
"ILMN_2137789",1549.52876377414,-2.09275460207971,0.394119144151767,-5.30995419312551,1.0965279109156e-07,2.04129331304961e-05,"KLF4"
"ILMN_2149815",2132.61449676977,-2.05078415157979,0.735362253988583,-2.78880802006956,0.00529024143235468,0.0430004554509193,"CYP2F1"
"ILMN_2159721",653.648608384695,-2.05480804438722,0.412849051153066,-4.97714125452933,6.45302307233503e-07,8.99964828729217e-05,NA
"ILMN_2163790",654.293049570182,-2.11222792478729,0.461015361067665,-4.58168664899925,4.61240670019867e-06,0.000382801196322681,NA
"ILMN_2184373",3757.99361421793,-3.04087437033284,0.624855473165168,-4.86652434190818,1.13577940282725e-06,0.000142274946035467,"CXCL8"
"ILMN_2230178",1186.71488480149,-2.71096770027702,0.477558336159741,-5.67672574219334,1.37297331831653e-08,3.60836232785405e-06,"DAND5"
"ILMN_2232463",1362.04910883929,-3.05861725766293,0.432631098674252,-7.06980442930641,1.55152202117495e-12,2.18903425377036e-09,"ARL14"
"ILMN_2242900",1252.09424782123,-2.50308425626737,0.539364761152257,-4.64080050561698,3.47062062517935e-06,0.000315743505303717,"IL1RL1"
"ILMN_2264177",820.696222755841,-2.02118058947902,0.478938559998635,-4.22012499783851,2.44166898414587e-05,0.00130646348219558,NA
"ILMN_2275760",600.746370056842,-2.00848308971582,0.447468527526521,-4.48854604550211,7.17109255203676e-06,0.000538474728410223,"TFAP2A"
"ILMN_2277877",1136.18575315328,-2.01723411060407,0.513966686686758,-3.92483435766625,8.67894364888664e-05,0.00315252631972499,"MEN1"
"ILMN_2291010",1043.01619443446,-2.06037011800755,0.550340075796821,-3.74381261445371,0.000181248846773833,0.00517989108258652,"PSMF1"
"ILMN_2296450",942.738348404097,-2.08602831611222,0.522630073711016,-3.99140505118668,6.56829854352541e-05,0.00258555622696455,"GH2"
"ILMN_2297626",4274.28674197012,2.02943630011539,0.380431994230559,5.33455737396644,9.57779011569065e-08,1.83394156879514e-05,"PEG10"
"ILMN_2313672",2095.19173424345,-2.9714840977803,0.6782220483351,-4.38128501583619,1.179814184214e-05,0.000760271125870788,"IL1RL1"
"ILMN_2336094",1905.37046035502,-2.4349852915382,0.398919024093335,-6.10395880986737,1.03472962693342e-09,4.47387050148453e-07,"TENM3"
"ILMN_2339955",1022.04971577068,-2.30957956231737,0.327089844469506,-7.06099440679115,1.65315250144779e-12,2.21580295531554e-09,"NR4A2"
"ILMN_2365091",1493.60464941153,-2.32754613931814,0.459654100033179,-5.06369058635642,4.11216875530679e-07,6.15837473874353e-05,"FCAR"
"ILMN_2368834",2045.91083126697,-2.48994270347907,0.536417780198812,-4.64179748582574,3.45391296158193e-06,0.000315743505303717,"MYH11"
"ILMN_2373670",3462.95446734936,2.6852773493329,0.810619931590503,3.31262191402593,0.000924258335564197,0.0148008322589423,"UGT2B17"
"ILMN_2394841",918.220400660665,-2.20725114232698,0.537343715483995,-4.10770811814347,3.99604653736713e-05,0.00186317856060538,"NKX2-1"
"ILMN_2408566",688.771363464286,-2.01357149824078,0.271395475449246,-7.41932596668268,1.17717867981145e-13,2.25404491926468e-10,"NR4A1"
"ILMN_2410145",1742.49632666525,-3.19815995381944,0.399448678654108,-8.00643518109818,1.18081341019574e-15,4.52200929815962e-12,"NR4A1"
"ILMN_3232161",1226.52666549471,-2.06741176651615,0.569685362248301,-3.62904140341077,0.00028447561689978,0.0070155822099654,"FAM86B3P"
"ILMN_3238130",2455.05173925822,-2.52772198122907,0.675740410301566,-3.74067014891267,0.000183530252258539,0.00522281897271195,NA
"ILMN_3238990",1709.62490372198,-2.1927003394343,0.688066611288351,-3.18675590918245,0.00143878142431902,0.0194304350839899,"USP17L9P"
"ILMN_3240236",1639.68567290133,-2.04842099501994,0.43271747367702,-4.73385319435673,2.20297092924439e-06,0.000228895510466102,"SMCR5"
"ILMN_3241034",1554.44213373857,-2.19454736227734,0.631762306243621,-3.47369151433842,0.000513350865416353,0.0103970102964598,NA
"ILMN_3243129",3196.09470522124,-2.2505362704248,0.693781441636877,-3.24386922935699,0.00117917869719193,0.0172724645583012,NA
"ILMN_3243788",1516.74665252547,-2.48646320864171,0.672553472284821,-3.69704909885397,0.000218120168370098,0.00581227371122984,"CATSPERD"
"ILMN_3246489",1784.35789077019,-2.34624678069232,0.720196081935333,-3.25778887103553,0.00112283911627348,0.0167534089317365,"SBK2"
"ILMN_3248631",936.879199799726,-2.44738661374225,0.53644737186931,-4.56221195606582,5.06175095441942e-06,0.000408223411375728,"PTX4"
"ILMN_3249444",2431.57363836936,-2.14198699212595,0.764748806278115,-2.80090269450773,0.00509598823814594,0.0419687117357844,"POM121L4P"
"ILMN_3250412",1119.18291239725,-2.08308852763902,0.540808976482284,-3.85180094677526,0.000117252317061685,0.00384722504709006,"CNGB1"
"ILMN_3251332",1158.67161115305,-2.00639094751355,0.493897103985751,-4.06236629314482,4.85777726371712e-05,0.00209176566705826,"POM121L10P"
"ILMN_3307841",1429.69948018378,-2.16197365204851,0.724258408428561,-2.98508602301131,0.00283498585296249,0.0293880378036989,"AGR2"
"ILMN_3308856",1458.22602044722,-2.02247862957341,0.692008635175258,-2.92262050900737,0.00347099274375713,0.0333007462507116,NA
"ILMN_3308986",1129.31415303761,-2.28791014367061,0.554455241704118,-4.12641088330002,3.68468694716736e-05,0.00175756944826896,"MIR1272"
"ILMN_3310010",1953.4984607875,-2.58322422048963,0.625660762702698,-4.12879370816023,3.64671399009496e-05,0.0017487918055899,"MIR146B"
"ILMN_3310840",3492.78956847334,-2.01810292327797,0.312218473416146,-6.4637524525594,1.02137910991442e-10,6.84502744986894e-08,"MIR21"
